{
"lengthUnit": "mil",
"components": {
	"fields": ["COMPONENT_NO", "COMPONENT_NAME", "LAYER", "X_COORDINATE", "Y_COORDINATE", "ANGLE"],
	"rows": [
		[1, "C1", "T", 594.51, 174.83, 0],
		[2, "C2", "T", 595.17, 74.51, 0],
		[3, "C3", "T", 166.6, 419.67, 270],
		[4, "C4", "T", 830, 505, 180],
		[5, "C5", "T", 445, 900, 270],
		[6, "C6", "T", 345.63, 1165.63, 270],
		[7, "C7", "T", 445, 1170, 90],
		[8, "C8", "T", 245, 1170, 90],
		[9, "C9", "T", 1780, 1600, 0],
		[10, "C10", "T", 1810, 60, 180],
		[11, "C11", "T", 1375, 1265, 270],
		[12, "C12", "T", 1175, 155, 0],
		[13, "C13", "T", 1710, 305, 90],
		[14, "C14", "T", 1510.9, 385.9, 90],
		[15, "C15", "T", 1400.9, 235.9, 180],
		[16, "C16", "T", 1230.9, 340.9, 0],
		[17, "C17", "T", 1250, 425, 180],
		[18, "C18", "T", 1375, 1385, 270],
		[19, "C19", "T", 1270, 750, 270],
		[20, "C20", "T", 1155.9, 630.9, 90],
		[21, "C21", "T", 1400, 750, 270],
		[22, "D1", "T", 670, 700, 270],
		[23, "D2", "T", 145, 1170, 270],
		[24, "D3", "T", 1630, 1580, 0],
		[25, "F1", "T", 390, 365, 270],
		[26, "L1", "T", 630, 500, 0],
		[27, "L2", "T", 1190, 1220, 0],
		[28, "L3", "T", 1335, 940, 180],
		[29, "LED1", "T", 1923.37, 710.82, 270],
		[30, "LED2", "T", 1923.37, 596.53, 270],
		[31, "LED3", "T", 1923.37, 482.25, 270],
		[32, "LED4", "T", 1923.37, 367.97, 270],
		[33, "LED5", "T", 1923.37, 253.68, 270],
		[34, "LED6", "T", 1923.37, 139.4, 270],
		[35, "P1", "T", 1770, 1020, 270],
		[36, "R1", "T", 380, 635, 0],
		[37, "R2", "T", 515, 655, 0],
		[38, "R3", "T", 380, 790, 0],
		[39, "R4", "T", 515, 725, 0],
		[40, "R5", "T", 88.9, 419.67, 270],
		[41, "R6", "T", 780, 380, 90],
		[42, "R7", "T", 780, 245, 90],
		[43, "R8", "T", 445.34, 1034.66, 90],
		[44, "R9", "T", 830, 705, 270],
		[45, "R10", "T", 900, 705, 270],
		[46, "R11", "T", 970, 705, 90],
		[47, "R12", "T", 1040, 705, 90],
		[48, "R13", "T", 1375.9, 325.9, 180],
		[49, "R14", "T", 1345.9, 425.9, 90],
		[50, "R15", "T", 1545, 580, 90],
		[51, "SW1", "T", 155, 1415, 270],
		[52, "SW2", "T", 1785, 1440, 180],
		[53, "U1", "T", 640, 345, 180],
		[54, "U2", "T", 790, 1045, 0],
		[55, "U3", "T", 1490, 1255, 180],
		[56, "U4", "T", 1334.6, 587.05, 90],
		[57, "U5", "T", 1490, 1375, 270],
		[58, "USB1", "T", 150, 710, 270]
	]
},
"pins": {
	"fields": ["PIN_NO", "PIN_NAME", "PIN_X", "PIN_Y", "LAYER", "PIN_TYPE", "NET_NAME", "NET_TYPE", "PAD_SHAPE", "PAD_SIZEX", "PAD_SIZEY", "HOLE_SIZE", "PAD_ANGLE"],
	"rows": [
		[1, "C1_1", 555.14, 174.83, "T", "SMD", "GND", "GND", "R", 55.51, 53.15, 0, 0],
		[2, "C1_2", 633.88, 174.83, "T", "SMD", "+5V", "", "R", 55.51, 53.15, 0, 0],
		[3, "C2_1", 555.8, 74.51, "T", "SMD", "GND", "GND", "R", 55.51, 53.15, 0, 0],
		[4, "C2_2", 634.54, 74.51, "T", "SMD", "+5V", "", "R", 55.51, 53.15, 0, 0],
		[5, "C3_1", 166.6, 447.23, "T", "SMD", "$6N313", "", "R", 31.5, 35.43, 0, 270],
		[6, "C3_2", 166.6, 392.11, "T", "SMD", "GND", "GND", "R", 31.5, 35.43, 0, 270],
		[7, "C4_1", 869.37, 505, "T", "SMD", "GND", "GND", "R", 55.51, 53.15, 0, 180],
		[8, "C4_2", 790.63, 505, "T", "SMD", "VCC", "", "R", 55.51, 53.15, 0, 180],
		[9, "C5_1", 445, 927.56, "T", "SMD", "EN", "", "R", 31.5, 35.43, 0, 270],
		[10, "C5_2", 445, 872.44, "T", "SMD", "GND", "GND", "R", 31.5, 35.43, 0, 270],
		[11, "C6_1", 345.63, 1205, "T", "SMD", "GND", "GND", "R", 55.51, 53.15, 0, 270],
		[12, "C6_2", 345.63, 1126.26, "T", "SMD", "VCC", "", "R", 55.51, 53.15, 0, 270],
		[13, "C7_1", 445, 1142.44, "T", "SMD", "VCC", "", "R", 31.5, 35.43, 0, 90],
		[14, "C7_2", 445, 1197.56, "T", "SMD", "GND", "GND", "R", 31.5, 35.43, 0, 90],
		[15, "C8_1", 245, 1142.44, "T", "SMD", "EN", "", "R", 31.5, 35.43, 0, 90],
		[16, "C8_2", 245, 1197.56, "T", "SMD", "GND", "GND", "R", 31.5, 35.43, 0, 90],
		[17, "C9_1", 1752.44, 1600, "T", "SMD", "BOOT", "", "R", 31.5, 35.43, 0, 0],
		[18, "C9_2", 1807.56, 1600, "T", "SMD", "GND", "GND", "R", 31.5, 35.43, 0, 0],
		[19, "C10_1", 1837.56, 60, "T", "SMD", "+5V", "", "R", 31.5, 35.43, 0, 180],
		[20, "C10_2", 1782.44, 60, "T", "SMD", "GND", "GND", "R", 31.5, 35.43, 0, 180],
		[21, "C11_1", 1375, 1292.56, "T", "SMD", "GND", "GND", "R", 31.5, 35.43, 0, 270],
		[22, "C11_2", 1375, 1237.44, "T", "SMD", "$9N2307", "", "R", 31.5, 35.43, 0, 270],
		[23, "C12_1", 1069.88, 155, "T", "SMD", "+5V", "", "R", 137.79, 47.24, 0, 0],
		[24, "C12_2", 1280.12, 155, "T", "SMD", "GND", "GND", "R", 137.79, 47.24, 0, 0],
		[25, "C13_1", 1710, 199.88, "T", "SMD", "MP_OUT", "", "R", 137.79, 47.24, 0, 90],
		[26, "C13_2", 1710, 410.12, "T", "SMD", "AGND", "", "R", 137.79, 47.24, 0, 90],
		[27, "C14_1", 1510.9, 323.2, "T", "SMD", "MP_OUT", "", "R", 58.47, 68.03, 0, 90],
		[28, "C14_2", 1510.9, 448.6, "T", "SMD", "AGND", "", "R", 58.47, 68.03, 0, 90],
		[29, "C15_1", 1440.27, 235.9, "T", "SMD", "MP_OUT", "", "R", 55.51, 53.15, 0, 180],
		[30, "C15_2", 1361.53, 235.9, "T", "SMD", "GND", "GND", "R", 55.51, 53.15, 0, 180],
		[31, "C16_1", 1191.53, 340.9, "T", "SMD", "+5V", "", "R", 55.51, 53.15, 0, 0],
		[32, "C16_2", 1270.27, 340.9, "T", "SMD", "GND", "GND", "R", 55.51, 53.15, 0, 0],
		[33, "C17_1", 1277.56, 425, "T", "SMD", "GND", "GND", "R", 31.5, 35.43, 0, 180],
		[34, "C17_2", 1222.44, 425, "T", "SMD", "+5V", "", "R", 31.5, 35.43, 0, 180],
		[35, "C18_1", 1375, 1412.56, "T", "SMD", "GND", "GND", "R", 31.5, 35.43, 0, 270],
		[36, "C18_2", 1375, 1357.44, "T", "SMD", "$9N2307", "", "R", 31.5, 35.43, 0, 270],
		[37, "C19_1", 1270, 777.56, "T", "SMD", "$9N742", "", "R", 31.5, 35.43, 0, 270],
		[38, "C19_2", 1270, 722.44, "T", "SMD", "$9N688", "", "R", 31.5, 35.43, 0, 270],
		[39, "C20_1", 1155.9, 603.34, "T", "SMD", "GND", "GND", "R", 31.5, 35.43, 0, 90],
		[40, "C20_2", 1155.9, 658.46, "T", "SMD", "$9N778", "", "R", 31.5, 35.43, 0, 90],
		[41, "C21_1", 1400, 777.56, "T", "SMD", "$9N747", "", "R", 31.5, 35.43, 0, 270],
		[42, "C21_2", 1400, 722.44, "T", "SMD", "$9N714", "", "R", 31.5, 35.43, 0, 270],
		[43, "D1_1", 624.76, 737.4, "T", "SMD", "$6N1784", "", "R", 20.95, 42.2, 0, 270],
		[44, "D1_2", 624.76, 700, "T", "SMD", "GND", "GND", "R", 20.95, 42.2, 0, 270],
		[45, "D1_3", 624.76, 662.6, "T", "SMD", "$6N1787", "", "R", 20.95, 42.2, 0, 270],
		[46, "D1_4", 715.24, 662.6, "T", "SMD", "DP", "", "R", 20.95, 42.2, 0, 270],
		[47, "D1_5", 715.24, 700, "T", "SMD", "+5V", "", "R", 20.95, 42.2, 0, 270],
		[48, "D1_6", 715.24, 737.4, "T", "SMD", "DN", "", "R", 20.95, 42.2, 0, 270],
		[49, "D2_1", 129.25, 1149.15, "T", "SMD", "EN", "", "R", 19.25, 11.57, 0, 270],
		[50, "D2_2", 160.75, 1149.15, "T", "SMD", "EN", "", "R", 19.25, 11.57, 0, 270],
		[51, "D2_3", 145, 1190.85, "T", "SMD", "GND", "GND", "R", 19.25, 17.09, 0, 270],
		[52, "D3_1", 1650.85, 1564.25, "T", "SMD", "BOOT", "", "R", 19.25, 11.57, 0, 0],
		[53, "D3_2", 1650.85, 1595.75, "T", "SMD", "BOOT", "", "R", 19.25, 11.57, 0, 0],
		[54, "D3_3", 1609.15, 1580, "T", "SMD", "GND", "GND", "R", 19.25, 17.09, 0, 0],
		[55, "F1_1", 390, 483.11, "T", "SMD", "VUSB", "", "R", 118.11, 98.42, 0, 0],
		[56, "F1_2", 390, 246.89, "T", "SMD", "+5V", "", "R", 118.11, 98.42, 0, 0],
		[57, "L1_1", 590.63, 500, "T", "SMD", "$7N506", "", "R", 47.24, 70.87, 0, 0],
		[58, "L1_2", 669.37, 500, "T", "SMD", "VCC", "", "R", 47.24, 70.87, 0, 0],
		[59, "L2_1", 1151.96, 1220, "T", "SMD", "VCC", "", "R", 44.59, 54.21, 0, 0],
		[60, "L2_2", 1228.04, 1220, "T", "SMD", "$9N2307", "", "R", 44.59, 54.21, 0, 0],
		[61, "L3_1", 1429.49, 940, "T", "SMD", "$9N747", "", "R", 70.87, 118.11, 0, 180],
		[62, "L3_2", 1240.51, 940, "T", "SMD", "$9N742", "", "R", 70.87, 118.11, 0, 180],
		[63, "LED1_1", 1939.12, 726.57, "T", "SMD", "+5V", "", "R", 19.68, 19.68, 0, 270],
		[64, "LED1_2", 1907.62, 726.57, "T", "SMD", "LED1_2", "", "R", 19.68, 19.68, 0, 270],
		[65, "LED1_3", 1907.62, 695.07, "T", "SMD", "GND", "GND", "R", 19.68, 19.68, 0, 270],
		[66, "LED1_4", 1939.12, 695.07, "T", "SMD", "$8N2248", "", "R", 19.68, 19.68, 0, 270],
		[67, "LED2_1", 1939.12, 612.28, "T", "SMD", "+5V", "", "R", 19.68, 19.68, 0, 270],
		[68, "LED2_2", 1907.62, 612.28, "T", "SMD", "$8N2248", "", "R", 19.68, 19.68, 0, 270],
		[69, "LED2_3", 1907.62, 580.78, "T", "SMD", "GND", "GND", "R", 19.68, 19.68, 0, 270],
		[70, "LED2_4", 1939.12, 580.78, "T", "SMD", "$8N2241", "", "R", 19.68, 19.68, 0, 270],
		[71, "LED3_1", 1939.12, 498, "T", "SMD", "+5V", "", "R", 19.68, 19.68, 0, 270],
		[72, "LED3_2", 1907.62, 498, "T", "SMD", "$8N2241", "", "R", 19.68, 19.68, 0, 270],
		[73, "LED3_3", 1907.62, 466.5, "T", "SMD", "GND", "GND", "R", 19.68, 19.68, 0, 270],
		[74, "LED3_4", 1939.12, 466.5, "T", "SMD", "$8N2234", "", "R", 19.68, 19.68, 0, 270],
		[75, "LED4_1", 1939.12, 383.72, "T", "SMD", "+5V", "", "R", 19.68, 19.68, 0, 270],
		[76, "LED4_2", 1907.62, 383.72, "T", "SMD", "$8N2234", "", "R", 19.68, 19.68, 0, 270],
		[77, "LED4_3", 1907.62, 352.22, "T", "SMD", "GND", "GND", "R", 19.68, 19.68, 0, 270],
		[78, "LED4_4", 1939.12, 352.22, "T", "SMD", "$8N2227", "", "R", 19.68, 19.68, 0, 270],
		[79, "LED5_1", 1939.12, 269.43, "T", "SMD", "+5V", "", "R", 19.68, 19.68, 0, 270],
		[80, "LED5_2", 1907.62, 269.43, "T", "SMD", "$8N2227", "", "R", 19.68, 19.68, 0, 270],
		[81, "LED5_3", 1907.62, 237.93, "T", "SMD", "GND", "GND", "R", 19.68, 19.68, 0, 270],
		[82, "LED5_4", 1939.12, 237.93, "T", "SMD", "$8N2221", "", "R", 19.68, 19.68, 0, 270],
		[83, "LED6_1", 1939.12, 155.15, "T", "SMD", "+5V", "", "R", 19.68, 19.68, 0, 270],
		[84, "LED6_2", 1907.62, 155.15, "T", "SMD", "$8N2221", "", "R", 19.68, 19.68, 0, 270],
		[85, "LED6_3", 1907.62, 123.65, "T", "SMD", "GND", "GND", "R", 19.68, 19.68, 0, 270],
		[86, "LED6_4", 1939.12, 123.65, "T", "SMD", "LED", "", "R", 19.68, 19.68, 0, 270],
		[87, "P1_1", 1770, 1120, "T", "DIP", "MP_OUT", "", "C", 78.74, 78.74, 51.18, 90],
		[88, "P1_1", 1770, 1120, "B", "DIP", "MP_OUT", "", "C", 78.74, 78.74, 51.18, 90],
		[89, "P1_2", 1770, 920, "T", "DIP", "AGND", "", "C", 78.74, 78.74, 51.18, 90],
		[90, "P1_2", 1770, 920, "B", "DIP", "AGND", "", "C", 78.74, 78.74, 51.18, 90],
		[91, "R1_1", 350.34, 635, "T", "SMD", "$6N583", "", "R", 31.75, 34.02, 0, 0],
		[92, "R1_2", 409.66, 635, "T", "SMD", "GND", "GND", "R", 31.75, 34.02, 0, 0],
		[93, "R2_1", 485.34, 655, "T", "SMD", "$6N676", "", "R", 31.75, 34.02, 0, 0],
		[94, "R2_2", 544.66, 655, "T", "SMD", "$6N1787", "", "R", 31.75, 34.02, 0, 0],
		[95, "R3_1", 350.34, 790, "T", "SMD", "$6N609", "", "R", 31.75, 34.02, 0, 0],
		[96, "R3_2", 409.66, 790, "T", "SMD", "GND", "GND", "R", 31.75, 34.02, 0, 0],
		[97, "R4_1", 485.34, 725, "T", "SMD", "$6N682", "", "R", 31.75, 34.02, 0, 0],
		[98, "R4_2", 544.66, 725, "T", "SMD", "$6N1784", "", "R", 31.75, 34.02, 0, 0],
		[99, "R5_1", 88.9, 449.33, "T", "SMD", "$6N313", "", "R", 31.75, 34.02, 0, 270],
		[100, "R5_2", 88.9, 390.01, "T", "SMD", "GND", "GND", "R", 31.75, 34.02, 0, 270],
		[101, "R6_1", 780, 350.34, "T", "SMD", "$7N377", "", "R", 31.75, 34.02, 0, 90],
		[102, "R6_2", 780, 409.66, "T", "SMD", "VCC", "", "R", 31.75, 34.02, 0, 90],
		[103, "R7_1", 780, 215.34, "T", "SMD", "GND", "GND", "R", 31.75, 34.02, 0, 90],
		[104, "R7_2", 780, 274.66, "T", "SMD", "$7N377", "", "R", 31.75, 34.02, 0, 90],
		[105, "R8_1", 445.34, 1005, "T", "SMD", "EN", "", "R", 31.75, 34.02, 0, 90],
		[106, "R8_2", 445.34, 1064.32, "T", "SMD", "VCC", "", "R", 31.75, 34.02, 0, 90],
		[107, "R9_1", 830, 734.66, "T", "SMD", "SCL", "", "R", 31.75, 34.02, 0, 270],
		[108, "R9_2", 830, 675.34, "T", "SMD", "VCC", "", "R", 31.75, 34.02, 0, 270],
		[109, "R10_1", 900, 734.66, "T", "SMD", "SDA", "", "R", 31.75, 34.02, 0, 270],
		[110, "R10_2", 900, 675.34, "T", "SMD", "VCC", "", "R", 31.75, 34.02, 0, 270],
		[111, "R11_1", 970, 675.34, "T", "SMD", "VCC", "", "R", 31.75, 34.02, 0, 90],
		[112, "R11_2", 970, 734.66, "T", "SMD", "$8N827", "", "R", 31.75, 34.02, 0, 90],
		[113, "R12_1", 1040, 675.34, "T", "SMD", "VCC", "", "R", 31.75, 34.02, 0, 90],
		[114, "R12_2", 1040, 734.66, "T", "SMD", "BOOT", "", "R", 31.75, 34.02, 0, 90],
		[115, "R13_1", 1405.56, 325.9, "T", "SMD", "MP_OUT", "", "R", 31.75, 34.02, 0, 180],
		[116, "R13_2", 1346.24, 325.9, "T", "SMD", "$9N877", "", "R", 31.75, 34.02, 0, 180],
		[117, "R14_1", 1345.9, 396.24, "T", "SMD", "$9N877", "", "R", 31.75, 34.02, 0, 90],
		[118, "R14_2", 1345.9, 455.56, "T", "SMD", "GND", "GND", "R", 31.75, 34.02, 0, 90],
		[119, "R15_1", 1545, 540.63, "T", "SMD", "AGND", "", "R", 44.59, 54.21, 0, 90],
		[120, "R15_2", 1545, 619.37, "T", "SMD", "GND", "GND", "R", 44.59, 54.21, 0, 90],
		[121, "SW1_1", 155, 1570.51, "T", "SMD", "GND", "GND", "R", 59.05, 39.37, 0, 270],
		[122, "SW1_2", 155, 1259.49, "T", "SMD", "EN", "", "R", 59.05, 39.37, 0, 270],
		[123, "SW2_1", 1940.51, 1440, "T", "SMD", "GND", "GND", "R", 59.05, 39.37, 0, 180],
		[124, "SW2_2", 1629.49, 1440, "T", "SMD", "BOOT", "", "R", 59.05, 39.37, 0, 180],
		[125, "U1_1", 677.4, 390.24, "T", "SMD", "+5V", "", "R", 20.95, 42.2, 0, 180],
		[126, "U1_2", 640, 390.24, "T", "SMD", "GND", "GND", "R", 20.95, 42.2, 0, 180],
		[127, "U1_3", 602.6, 390.24, "T", "SMD", "$7N506", "", "R", 20.95, 42.2, 0, 180],
		[128, "U1_4", 602.6, 299.76, "T", "SMD", "+5V", "", "R", 20.95, 42.2, 0, 180],
		[129, "U1_5", 640, 299.76, "T", "SMD", "U1_5", "", "R", 20.95, 42.2, 0, 180],
		[130, "U1_6", 677.4, 299.76, "T", "SMD", "$7N377", "", "R", 20.95, 42.2, 0, 180],
		[131, "U2_1", 557.71, 1201.5, "T", "SMD", "GND", "GND", "R", 31.5, 15.75, 0, 0],
		[132, "U2_2", 557.71, 1170, "T", "SMD", "GND", "GND", "R", 31.5, 15.75, 0, 0],
		[133, "U2_3", 557.71, 1138.5, "T", "SMD", "VCC", "", "R", 31.5, 15.75, 0, 0],
		[134, "U2_4", 557.71, 1107.01, "T", "SMD", "U2_4", "", "R", 31.5, 15.75, 0, 0],
		[135, "U2_5", 557.71, 1075.51, "T", "SMD", "ADC_50MA", "", "R", 31.5, 15.75, 0, 0],
		[136, "U2_6", 557.71, 1044.02, "T", "SMD", "ADC_500MA", "", "R", 31.5, 15.75, 0, 0],
		[137, "U2_7", 557.71, 1012.52, "T", "SMD", "U2_7", "", "R", 31.5, 15.75, 0, 0],
		[138, "U2_8", 557.71, 981.02, "T", "SMD", "EN", "", "R", 31.5, 15.75, 0, 0],
		[139, "U2_9", 557.71, 949.53, "T", "SMD", "U2_9", "", "R", 31.5, 15.75, 0, 0],
		[140, "U2_10", 557.71, 918.03, "T", "SMD", "U2_10", "", "R", 31.5, 15.75, 0, 0],
		[141, "U2_11", 557.71, 886.53, "T", "SMD", "GND", "GND", "R", 31.5, 15.75, 0, 0],
		[142, "U2_12", 601.02, 852.09, "T", "SMD", "U2_12", "", "R", 31.5, 15.75, 0, 270],
		[143, "U2_13", 632.51, 852.09, "T", "SMD", "U2_13", "", "R", 31.5, 15.75, 0, 270],
		[144, "U2_14", 664.01, 852.09, "T", "SMD", "GND", "GND", "R", 31.5, 15.75, 0, 270],
		[145, "U2_15", 695.51, 852.09, "T", "SMD", "U2_15", "", "R", 31.5, 15.75, 0, 270],
		[146, "U2_16", 727, 852.09, "T", "SMD", "U2_16", "", "R", 31.5, 15.75, 0, 270],
		[147, "U2_17", 758.5, 852.09, "T", "SMD", "DN", "", "R", 31.5, 15.75, 0, 270],
		[148, "U2_18", 789.99, 852.09, "T", "SMD", "DP", "", "R", 31.5, 15.75, 0, 270],
		[149, "U2_19", 821.49, 852.09, "T", "SMD", "SCL", "", "R", 31.5, 15.75, 0, 270],
		[150, "U2_20", 852.99, 852.09, "T", "SMD", "SDA", "", "R", 31.5, 15.75, 0, 270],
		[151, "U2_21", 884.48, 852.09, "T", "SMD", "U2_21", "", "R", 31.5, 15.75, 0, 270],
		[152, "U2_22", 915.98, 852.09, "T", "SMD", "$8N827", "", "R", 31.5, 15.75, 0, 270],
		[153, "U2_23", 947.48, 852.09, "T", "SMD", "BOOT", "", "R", 31.5, 15.75, 0, 270],
		[154, "U2_24", 978.97, 852.09, "T", "SMD", "U2_24", "", "R", 31.5, 15.75, 0, 270],
		[155, "U2_25", 1022.28, 886.53, "T", "SMD", "LED", "", "R", 31.5, 15.75, 0, 0],
		[156, "U2_26", 1022.28, 918.03, "T", "SMD", "U2_26", "", "R", 31.5, 15.75, 0, 0],
		[157, "U2_27", 1022.28, 949.53, "T", "SMD", "MP_EN", "", "R", 31.5, 15.75, 0, 0],
		[158, "U2_28", 1022.28, 981.02, "T", "SMD", "U2_28", "", "R", 31.5, 15.75, 0, 0],
		[159, "U2_29", 1022.28, 1012.52, "T", "SMD", "U2_29", "", "R", 31.5, 15.75, 0, 0],
		[160, "U2_30", 1022.28, 1044.01, "T", "SMD", "U2_30", "", "R", 31.5, 15.75, 0, 0],
		[161, "U2_31", 1022.28, 1075.51, "T", "SMD", "U2_31", "", "R", 31.5, 15.75, 0, 0],
		[162, "U2_32", 1022.28, 1107.01, "T", "SMD", "U2_32", "", "R", 31.5, 15.75, 0, 0],
		[163, "U2_33", 1022.28, 1138.5, "T", "SMD", "U2_33", "", "R", 31.5, 15.75, 0, 0],
		[164, "U2_34", 1022.28, 1170, "T", "SMD", "U2_34", "", "R", 31.5, 15.75, 0, 0],
		[165, "U2_35", 1022.28, 1201.5, "T", "SMD", "U2_35", "", "R", 31.5, 15.75, 0, 0],
		[166, "U2_36", 978.97, 1237.91, "T", "SMD", "GND", "GND", "R", 31.5, 15.75, 0, 270],
		[167, "U2_37", 947.48, 1237.91, "T", "SMD", "GND", "GND", "R", 31.5, 15.75, 0, 270],
		[168, "U2_38", 915.98, 1237.91, "T", "SMD", "GND", "GND", "R", 31.5, 15.75, 0, 270],
		[169, "U2_39", 884.48, 1237.91, "T", "SMD", "GND", "GND", "R", 31.5, 15.75, 0, 270],
		[170, "U2_40", 852.99, 1237.91, "T", "SMD", "GND", "GND", "R", 31.5, 15.75, 0, 270],
		[171, "U2_41", 821.49, 1237.91, "T", "SMD", "GND", "GND", "R", 31.5, 15.75, 0, 270],
		[172, "U2_42", 790, 1237.91, "T", "SMD", "GND", "GND", "R", 31.5, 15.75, 0, 270],
		[173, "U2_43", 758.5, 1237.91, "T", "SMD", "GND", "GND", "R", 31.5, 15.75, 0, 270],
		[174, "U2_44", 727, 1237.91, "T", "SMD", "GND", "GND", "R", 31.5, 15.75, 0, 270],
		[175, "U2_45", 695.51, 1237.91, "T", "SMD", "GND", "GND", "R", 31.5, 15.75, 0, 270],
		[176, "U2_46", 664.01, 1237.91, "T", "SMD", "GND", "GND", "R", 31.5, 15.75, 0, 270],
		[177, "U2_47", 632.52, 1237.91, "T", "SMD", "GND", "GND", "R", 31.5, 15.75, 0, 270],
		[178, "U2_48", 601.02, 1237.91, "T", "SMD", "GND", "GND", "R", 31.5, 15.75, 0, 270],
		[179, "U2_49", 790.98, 1046.97, "T", "SMD", "GND", "GND", "R", 57.09, 57.09, 0, 0],
		[180, "U2_49", 720.11, 1046.97, "T", "SMD", "GND", "GND", "R", 57.09, 57.09, 0, 0],
		[181, "U2_49", 720.11, 1117.84, "T", "SMD", "GND", "GND", "R", 57.09, 57.09, 0, 0],
		[182, "U2_49", 790.98, 1117.84, "T", "SMD", "GND", "GND", "R", 57.09, 57.09, 0, 0],
		[183, "U2_49", 861.84, 1117.84, "T", "SMD", "GND", "GND", "R", 57.09, 57.09, 0, 0],
		[184, "U2_49", 861.84, 1046.97, "T", "SMD", "GND", "GND", "R", 57.09, 57.09, 0, 0],
		[185, "U2_49", 720.11, 976.11, "T", "SMD", "GND", "GND", "R", 57.09, 57.09, 0, 0],
		[186, "U2_49", 790.98, 976.11, "T", "SMD", "GND", "GND", "R", 57.09, 57.09, 0, 0],
		[187, "U2_49", 861.84, 976.11, "T", "SMD", "GND", "GND", "R", 57.09, 57.09, 0, 0],
		[188, "U2_50", 1024.25, 1239.88, "T", "SMD", "GND", "GND", "R", 27.56, 27.56, 0, 0],
		[189, "U2_51", 1024.25, 850.12, "T", "SMD", "GND", "GND", "R", 27.56, 27.56, 0, 0],
		[190, "U2_52", 555.74, 850.12, "T", "SMD", "GND", "GND", "R", 27.56, 27.56, 0, 0],
		[191, "U2_53", 555.74, 1239.88, "T", "SMD", "GND", "GND", "R", 27.56, 27.56, 0, 0],
		[192, "U3_1", 1452.77, 1280.59, "T", "SMD", "GND", "GND", "R", 33.11, 12.4, 0, 180],
		[193, "U3_2", 1452.77, 1255, "T", "SMD", "GND", "GND", "R", 33.11, 12.4, 0, 180],
		[194, "U3_3", 1452.77, 1229.41, "T", "SMD", "$9N2307", "", "R", 33.11, 12.4, 0, 180],
		[195, "U3_4", 1527.23, 1229.41, "T", "SMD", "AGND", "", "R", 33.11, 12.4, 0, 180],
		[196, "U3_5", 1527.23, 1255, "T", "SMD", "GND", "GND", "R", 33.11, 12.4, 0, 180],
		[197, "U3_6", 1527.23, 1280.59, "T", "SMD", "ADC_500MA", "", "R", 33.11, 12.4, 0, 180],
		[198, "U4_1", 1279.48, 544.24, "T", "SMD", "+5V", "", "R", 110.24, 11.81, 0, 90],
		[199, "U4_2", 1334.6, 544.24, "T", "SMD", "GND", "GND", "R", 110.24, 11.81, 0, 90],
		[200, "U4_3", 1389.72, 544.24, "T", "SMD", "MP_OUT", "", "R", 110.24, 11.81, 0, 90],
		[201, "U4_4", 1428.01, 520.62, "T", "SMD", "GND", "GND", "R", 9.84, 33.47, 0, 90],
		[202, "U4_5", 1428.11, 540.3, "T", "SMD", "AGND", "", "R", 9.84, 33.47, 0, 90],
		[203, "U4_6", 1428.11, 559.99, "T", "SMD", "SDA", "", "R", 9.84, 33.47, 0, 90],
		[204, "U4_7", 1428.11, 579.67, "T", "SMD", "SCL", "", "R", 9.84, 33.47, 0, 90],
		[205, "U4_8", 1428.11, 599.36, "T", "SMD", "U4_8", "", "R", 9.84, 33.47, 0, 90],
		[206, "U4_9", 1428.11, 619.04, "T", "SMD", "GND", "GND", "R", 9.84, 33.47, 0, 90],
		[207, "U4_10", 1428.11, 638.73, "T", "SMD", "U4_10", "", "R", 9.84, 33.47, 0, 90],
		[208, "U4_11", 1389.72, 653.49, "T", "SMD", "$9N714", "", "R", 33.47, 11.81, 0, 90],
		[209, "U4_12", 1362.16, 615.1, "T", "SMD", "$9N747", "", "R", 110.24, 11.81, 0, 90],
		[210, "U4_13", 1307.04, 615.1, "T", "SMD", "$9N742", "", "R", 110.24, 11.81, 0, 90],
		[211, "U4_14", 1279.48, 653.49, "T", "SMD", "$9N688", "", "R", 33.47, 11.81, 0, 90],
		[212, "U4_15", 1241.1, 638.73, "T", "SMD", "$9N778", "", "R", 9.84, 33.47, 0, 90],
		[213, "U4_16", 1241.1, 619.04, "T", "SMD", "GND", "GND", "R", 9.84, 33.47, 0, 90],
		[214, "U4_17", 1241.1, 599.36, "T", "SMD", "+5V", "", "R", 9.84, 33.47, 0, 90],
		[215, "U4_18", 1241.1, 579.67, "T", "SMD", "U4_18", "", "R", 9.84, 33.47, 0, 90],
		[216, "U4_19", 1241.1, 559.99, "T", "SMD", "U4_19", "", "R", 9.84, 33.47, 0, 90],
		[217, "U4_20", 1241.1, 540.3, "T", "SMD", "MP_EN", "", "R", 9.84, 33.47, 0, 90],
		[218, "U4_21", 1241.1, 520.62, "T", "SMD", "$9N877", "", "R", 9.84, 33.47, 0, 90],
		[219, "U5_1", 1451.02, 1400.59, "T", "SMD", "GND", "GND", "R", 13.78, 30.71, 0, 270],
		[220, "U5_2", 1451.02, 1375, "T", "SMD", "GND", "GND", "R", 13.78, 30.71, 0, 270],
		[221, "U5_3", 1451.02, 1349.41, "T", "SMD", "$9N2307", "", "R", 13.78, 30.71, 0, 270],
		[222, "U5_4", 1528.98, 1349.41, "T", "SMD", "AGND", "", "R", 13.78, 30.71, 0, 270],
		[223, "U5_5", 1528.98, 1375, "T", "SMD", "GND", "GND", "R", 13.78, 30.71, 0, 270],
		[224, "U5_6", 1528.98, 1400.59, "T", "SMD", "ADC_50MA", "", "R", 13.78, 30.71, 0, 270],
		[225, "USB1_1", 243.5, 835.99, "T", "SMD", "GND", "GND", "R", 21.65, 43.31, 0, 270],
		[226, "USB1_2", 243.5, 804.48, "T", "SMD", "VUSB", "", "R", 21.65, 43.31, 0, 270],
		[227, "USB1_3", 243.5, 778.89, "T", "SMD", "USB1_3", "", "R", 11.81, 43.31, 0, 270],
		[228, "USB1_4", 243.5, 759.21, "T", "SMD", "$6N609", "", "R", 11.81, 43.31, 0, 270],
		[229, "USB1_5", 243.5, 739.52, "T", "SMD", "$6N682", "", "R", 11.81, 43.31, 0, 270],
		[230, "USB1_6", 243.5, 719.85, "T", "SMD", "$6N676", "", "R", 11.81, 43.31, 0, 270],
		[231, "USB1_7", 243.5, 700.15, "T", "SMD", "$6N682", "", "R", 11.81, 43.31, 0, 270],
		[232, "USB1_8", 243.5, 680.48, "T", "SMD", "$6N676", "", "R", 11.81, 43.31, 0, 270],
		[233, "USB1_9", 243.5, 660.79, "T", "SMD", "USB1_9", "", "R", 11.81, 43.31, 0, 270],
		[234, "USB1_10", 243.5, 641.1, "T", "SMD", "$6N583", "", "R", 11.81, 43.31, 0, 270],
		[235, "USB1_11", 243.5, 615.5, "T", "SMD", "VUSB", "", "R", 21.65, 43.31, 0, 270],
		[236, "USB1_12", 243.5, 584.01, "T", "SMD", "GND", "GND", "R", 21.65, 43.31, 0, 270],
		[237, "USB1_13", 221.86, 880.28, "T", "DIP", "$6N313", "", "O", 43.31, 78.74, 59.05, 270],
		[238, "USB1_13", 221.86, 880.28, "B", "DIP", "$6N313", "", "O", 43.31, 78.74, 59.05, 270],
		[239, "USB1_13", 56.49, 880.28, "T", "DIP", "$6N313", "", "O", 47.24, 70.87, 47.24, 270],
		[240, "USB1_13", 56.49, 880.28, "B", "DIP", "$6N313", "", "O", 47.24, 70.87, 47.24, 270],
		[241, "USB1_14", 221.86, 539.72, "T", "DIP", "$6N313", "", "O", 43.31, 78.74, 59.06, 270],
		[242, "USB1_14", 221.86, 539.72, "B", "DIP", "$6N313", "", "O", 43.31, 78.74, 59.06, 270],
		[243, "USB1_14", 56.5, 539.72, "T", "DIP", "$6N313", "", "O", 47.24, 70.87, 47.24, 270],
		[244, "USB1_14", 56.5, 539.72, "B", "DIP", "$6N313", "", "O", 47.24, 70.87, 47.24, 270]
	]
}
}